{
    "model__colsample_bytree": 0.7392167153998174, 
    "model__gamma": 3.9719790640300427, 
    "model__learning_rate": 0.04, 
    "model__max_depth": 5, 
    "model__min_child_weight": 1.0, 
    "model__n_estimators": 200, 
    "model__reg_alpha": 0.16604194898692282, 
    "model__reg_lambda": 0.10740812106852254, 
    "model__scale_pos_weight": 8.0, 
    "model__subsample": 0.8467772239321993
}