{
    "model__colsample_bytree": 0.5167064163372009,
    "model__gamma": 1.9849745865250863,
    "model__learning_rate": 0.36,
    "model__max_depth": 92,
    "model__min_child_weight": 1.0,
    "model__n_estimators": 11,
    "model__reg_alpha": 0.8449729131263721,
    "model__reg_lambda": 0.38635217347853557,
    "model__scale_pos_weight": 4.0,
    "model__subsample": 0.9998253081502098
}